customer_id,signup_date,pref_category,income_bracket
1,2024-09-01,Apparel,M
2,2024-10-23,Beauty,M
3,2024-12-22,Electronics,H
4,2025-02-21,Beauty,L
5,2024-12-21,Electronics,H
6,2024-12-19,Beauty,M
7,2024-08-20,Beauty,H
8,2025-02-05,Home,L
9,2024-11-11,Grocery,M
10,2024-10-26,Home,M
11,2024-12-15,Home,H
12,2025-02-14,Beauty,M
13,2024-12-31,Apparel,M
14,2025-01-29,Electronics,L
15,2025-02-03,Beauty,M
16,2024-12-31,Grocery,M
17,2024-09-19,Home,H
18,2025-01-30,Grocery,M
19,2025-01-27,Apparel,M
20,2024-09-04,Apparel,M
21,2024-11-29,Beauty,M
22,2024-08-20,Apparel,L
23,2024-09-22,Beauty,H
24,2025-02-20,Electronics,H
25,2024-08-25,Beauty,L
26,2024-09-23,Beauty,M
27,2024-12-12,Electronics,M
28,2025-01-03,Apparel,M
29,2024-11-10,Electronics,L
30,2024-12-28,Home,M
31,2024-08-23,Home,H
32,2024-11-10,Beauty,H
33,2024-11-13,Grocery,H
34,2024-12-09,Apparel,H
35,2025-02-25,Apparel,H
36,2025-02-15,Electronics,H
37,2024-12-12,Beauty,H
38,2025-01-06,Beauty,L
39,2025-02-21,Beauty,H
40,2025-02-25,Electronics,M
41,2024-11-04,Grocery,M
42,2025-01-17,Electronics,M
43,2025-02-28,Grocery,L
44,2025-02-25,Electronics,L
45,2025-02-04,Grocery,H
46,2025-03-01,Electronics,L
47,2024-12-12,Grocery,H
48,2025-01-08,Electronics,L
49,2025-02-19,Home,L
50,2024-10-13,Electronics,H
51,2025-01-31,Apparel,L
52,2024-09-26,Grocery,L
53,2025-01-03,Home,H
54,2024-12-30,Electronics,M
55,2024-09-22,Apparel,M
56,2025-01-28,Beauty,L
57,2024-11-25,Apparel,H
58,2024-08-27,Beauty,L
59,2025-02-23,Beauty,M
60,2024-08-21,Home,L
61,2024-08-20,Electronics,M
62,2024-10-19,Grocery,M
63,2024-09-01,Grocery,L
64,2024-10-08,Grocery,L
65,2025-01-29,Electronics,L
66,2024-11-09,Beauty,L
67,2025-02-11,Beauty,M
68,2024-10-12,Grocery,L
69,2025-02-01,Apparel,M
70,2024-12-02,Home,L
71,2024-08-13,Electronics,L
72,2024-11-05,Electronics,L
73,2024-12-13,Apparel,H
74,2024-11-17,Grocery,H
75,2025-02-13,Electronics,L
76,2024-10-05,Electronics,M
77,2024-10-05,Grocery,H
78,2025-01-07,Electronics,L
79,2024-10-20,Apparel,M
80,2024-10-23,Electronics,H
81,2025-02-23,Electronics,M
82,2024-12-08,Home,H
83,2024-10-21,Electronics,L
84,2024-08-25,Apparel,L
85,2025-02-23,Home,M
86,2024-11-05,Apparel,L
87,2024-08-14,Home,M
88,2024-10-24,Grocery,H
89,2024-11-20,Electronics,M
90,2025-01-15,Beauty,H
91,2024-12-03,Electronics,L
92,2024-08-25,Electronics,L
93,2024-09-25,Grocery,L
94,2024-10-27,Grocery,M
95,2024-11-02,Home,M
96,2024-08-15,Home,L
97,2024-09-12,Apparel,H
98,2025-01-06,Beauty,M
99,2024-11-13,Apparel,M
100,2025-01-13,Apparel,L
101,2025-02-18,Apparel,L
102,2024-10-26,Grocery,L
103,2025-02-02,Grocery,H
104,2024-12-08,Apparel,M
105,2025-01-05,Home,L
106,2024-10-01,Grocery,H
107,2024-08-30,Grocery,H
108,2024-11-17,Grocery,H
109,2025-01-09,Beauty,H
110,2024-10-11,Home,H
111,2024-08-29,Beauty,M
112,2024-10-26,Electronics,M
113,2025-01-05,Apparel,H
114,2024-09-11,Beauty,M
115,2024-12-12,Beauty,L
116,2024-10-18,Grocery,L
117,2024-10-05,Apparel,H
118,2024-11-04,Apparel,M
119,2025-02-05,Home,L
120,2024-08-16,Apparel,H
121,2024-12-05,Electronics,L
122,2024-11-29,Grocery,L
123,2024-12-29,Electronics,L
124,2024-08-24,Beauty,H
125,2024-09-19,Apparel,L
126,2024-11-17,Beauty,H
127,2025-01-23,Grocery,H
128,2025-02-15,Beauty,L
129,2025-01-17,Home,M
130,2024-09-15,Beauty,L
131,2024-09-14,Home,H
132,2024-10-11,Grocery,M
133,2024-10-14,Apparel,H
134,2024-10-22,Home,M
135,2024-10-04,Beauty,M
136,2024-08-19,Apparel,L
137,2024-12-22,Electronics,L
138,2024-09-04,Beauty,H
139,2024-11-11,Apparel,H
140,2025-01-18,Grocery,H
141,2025-02-24,Home,L
142,2024-12-02,Beauty,L
143,2025-01-27,Grocery,L
144,2024-12-10,Apparel,H
145,2024-12-23,Grocery,L
146,2025-02-07,Apparel,H
147,2024-09-06,Apparel,M
148,2024-11-19,Grocery,L
149,2024-10-06,Home,H
150,2024-09-16,Home,M
151,2024-12-29,Home,H
152,2024-10-27,Grocery,H
153,2024-12-23,Beauty,M
154,2024-10-28,Electronics,L
155,2024-10-10,Grocery,H
156,2025-01-26,Apparel,H
157,2024-12-23,Beauty,L
158,2025-01-27,Grocery,M
159,2025-01-23,Apparel,L
160,2024-09-11,Grocery,M
161,2025-02-27,Grocery,H
162,2025-01-26,Beauty,L
163,2025-01-23,Apparel,H
164,2025-01-30,Electronics,M
165,2024-08-20,Beauty,M
166,2025-02-13,Apparel,M
167,2024-12-19,Beauty,H
168,2024-08-29,Apparel,L
169,2024-11-19,Apparel,M
170,2025-02-24,Beauty,M
171,2024-12-05,Beauty,M
172,2024-12-25,Apparel,H
173,2024-08-16,Home,L
174,2024-11-18,Beauty,H
175,2025-02-19,Apparel,H
176,2024-12-21,Home,M
177,2024-09-25,Electronics,L
178,2024-09-25,Electronics,L
179,2024-11-30,Beauty,M
180,2024-12-13,Apparel,H
181,2025-02-05,Home,H
182,2024-12-13,Apparel,H
183,2024-09-24,Grocery,H
184,2024-08-30,Grocery,L
185,2024-09-19,Home,M
186,2024-10-06,Apparel,M
187,2025-01-13,Grocery,L
188,2024-08-24,Apparel,H
189,2024-08-18,Home,L
190,2024-12-11,Beauty,L
191,2024-08-14,Grocery,M
192,2024-11-27,Apparel,L
193,2024-12-20,Apparel,M
194,2025-01-04,Electronics,H
195,2025-02-11,Electronics,M
196,2024-12-22,Home,M
197,2025-02-02,Beauty,M
198,2024-09-09,Home,M
199,2025-02-17,Apparel,L
200,2024-08-23,Grocery,H
