product_id,name,category,base_price,image_path
1,GRO-001,Grocery,126.86,/mnt/data/ai_retail_analytics_full_stack/data/images/products/GRO-001.png
2,BEA-002,Beauty,73.1,/mnt/data/ai_retail_analytics_full_stack/data/images/products/BEA-002.png
3,GRO-003,Grocery,46.91,/mnt/data/ai_retail_analytics_full_stack/data/images/products/GRO-003.png
4,HOM-004,Home,42.98,/mnt/data/ai_retail_analytics_full_stack/data/images/products/HOM-004.png
5,GRO-005,Grocery,23.14,/mnt/data/ai_retail_analytics_full_stack/data/images/products/GRO-005.png
6,BEA-006,Beauty,41.08,/mnt/data/ai_retail_analytics_full_stack/data/images/products/BEA-006.png
7,BEA-007,Beauty,55.56,/mnt/data/ai_retail_analytics_full_stack/data/images/products/BEA-007.png
8,HOM-008,Home,47.41,/mnt/data/ai_retail_analytics_full_stack/data/images/products/HOM-008.png
9,BEA-009,Beauty,66.39,/mnt/data/ai_retail_analytics_full_stack/data/images/products/BEA-009.png
10,ELE-010,Electronics,13.93,/mnt/data/ai_retail_analytics_full_stack/data/images/products/ELE-010.png
11,BEA-011,Beauty,63.84,/mnt/data/ai_retail_analytics_full_stack/data/images/products/BEA-011.png
12,GRO-012,Grocery,95.57,/mnt/data/ai_retail_analytics_full_stack/data/images/products/GRO-012.png
13,BEA-013,Beauty,9.87,/mnt/data/ai_retail_analytics_full_stack/data/images/products/BEA-013.png
14,ELE-014,Electronics,96.02,/mnt/data/ai_retail_analytics_full_stack/data/images/products/ELE-014.png
15,ELE-015,Electronics,36.35,/mnt/data/ai_retail_analytics_full_stack/data/images/products/ELE-015.png
16,APP-016,Apparel,145.22,/mnt/data/ai_retail_analytics_full_stack/data/images/products/APP-016.png
17,HOM-017,Home,42.6,/mnt/data/ai_retail_analytics_full_stack/data/images/products/HOM-017.png
18,HOM-018,Home,148.45,/mnt/data/ai_retail_analytics_full_stack/data/images/products/HOM-018.png
19,APP-019,Apparel,91.58,/mnt/data/ai_retail_analytics_full_stack/data/images/products/APP-019.png
20,APP-020,Apparel,25.75,/mnt/data/ai_retail_analytics_full_stack/data/images/products/APP-020.png
21,GRO-021,Grocery,106.68,/mnt/data/ai_retail_analytics_full_stack/data/images/products/GRO-021.png
22,ELE-022,Electronics,25.06,/mnt/data/ai_retail_analytics_full_stack/data/images/products/ELE-022.png
23,HOM-023,Home,102.51,/mnt/data/ai_retail_analytics_full_stack/data/images/products/HOM-023.png
24,GRO-024,Grocery,94.08,/mnt/data/ai_retail_analytics_full_stack/data/images/products/GRO-024.png
25,BEA-025,Beauty,142.29,/mnt/data/ai_retail_analytics_full_stack/data/images/products/BEA-025.png
26,GRO-026,Grocery,51.71,/mnt/data/ai_retail_analytics_full_stack/data/images/products/GRO-026.png
27,HOM-027,Home,28.18,/mnt/data/ai_retail_analytics_full_stack/data/images/products/HOM-027.png
28,APP-028,Apparel,125.01,/mnt/data/ai_retail_analytics_full_stack/data/images/products/APP-028.png
29,BEA-029,Beauty,18.62,/mnt/data/ai_retail_analytics_full_stack/data/images/products/BEA-029.png
30,ELE-030,Electronics,90.07,/mnt/data/ai_retail_analytics_full_stack/data/images/products/ELE-030.png
31,HOM-031,Home,134.81,/mnt/data/ai_retail_analytics_full_stack/data/images/products/HOM-031.png
32,BEA-032,Beauty,11.38,/mnt/data/ai_retail_analytics_full_stack/data/images/products/BEA-032.png
33,ELE-033,Electronics,22.77,/mnt/data/ai_retail_analytics_full_stack/data/images/products/ELE-033.png
34,ELE-034,Electronics,82.81,/mnt/data/ai_retail_analytics_full_stack/data/images/products/ELE-034.png
35,BEA-035,Beauty,55.98,/mnt/data/ai_retail_analytics_full_stack/data/images/products/BEA-035.png
36,APP-036,Apparel,77.27,/mnt/data/ai_retail_analytics_full_stack/data/images/products/APP-036.png
37,BEA-037,Beauty,142.1,/mnt/data/ai_retail_analytics_full_stack/data/images/products/BEA-037.png
38,ELE-038,Electronics,88.49,/mnt/data/ai_retail_analytics_full_stack/data/images/products/ELE-038.png
39,GRO-039,Grocery,46.28,/mnt/data/ai_retail_analytics_full_stack/data/images/products/GRO-039.png
